--
--    Copyright 2010-2022 the original author or authors.
--
--    Licensed under the Apache License, Version 2.0 (the "License");
--    you may not use this file except in compliance with the License.
--    You may obtain a copy of the License at
--
--       https://www.apache.org/licenses/LICENSE-2.0
--
--    Unless required by applicable law or agreed to in writing, software
--    distributed under the License is distributed on an "AS IS" BASIS,
--    WITHOUT WARRANTIES OR CONDITIONS OF ANY KIND, either express or implied.
--    See the License for the specific language governing permissions and
--    limitations under the License.
--

INSERT INTO sequence VALUES('ordernum', 1000);

INSERT INTO signon VALUES('j2ee','j2ee');
INSERT INTO signon VALUES('ACID','ACID');

INSERT INTO account VALUES('j2ee','yourname@yourdomain.com','ABC', 'XYX', 'OK', '901 San Antonio Road', 'MS UCUP02-206', 'Palo Alto', 'CA', '94303', 'USA',  '555-555-5555');
INSERT INTO account VALUES('ACID','acid@yourdomain.com','ABC', 'XYX', 'OK', '901 San Antonio Road', 'MS UCUP02-206', 'Palo Alto', 'CA', '94303', 'USA',  '555-555-5555');

INSERT INTO profile VALUES('j2ee','english','DOGS',1,1);
INSERT INTO profile VALUES('ACID','english','CATS',1,1);

INSERT INTO bannerdata VALUES ('FISH','<image src="../images/banner_fish.gif">');
INSERT INTO bannerdata VALUES ('CATS','<image src="../images/banner_cats.gif">');
INSERT INTO bannerdata VALUES ('DOGS','<image src="../images/banner_dogs.gif">');
INSERT INTO bannerdata VALUES ('REPTILES','<image src="../images/banner_reptiles.gif">');
INSERT INTO bannerdata VALUES ('BIRDS','<image src="../images/banner_birds.gif">');

INSERT INTO category VALUES ('FISH','Fish','<image src="../images/fish_icon.gif"><font size="5" color="blue"> Fish</font>');
INSERT INTO category VALUES ('DOGS','Dogs','<image src="../images/dogs_icon.gif"><font size="5" color="blue"> Dogs</font>');
INSERT INTO category VALUES ('REPTILES','Reptiles','<image src="../images/reptiles_icon.gif"><font size="5" color="blue"> Reptiles</font>');
INSERT INTO category VALUES ('CATS','Cats','<image src="../images/cats_icon.gif"><font size="5" color="blue"> Cats</font>');
INSERT INTO category VALUES ('BIRDS','Birds','<image src="../images/birds_icon.gif"><font size="5" color="blue"> Birds</font>');

INSERT INTO product VALUES ('FI-SW-01','FISH','Angelfish','<image src="../images/fish1.gif">Salt Water fish from Australia');
INSERT INTO product VALUES ('FI-SW-02','FISH','Tiger Shark','<image src="../images/fish4.gif">Salt Water fish from Australia');
INSERT INTO product VALUES ('FI-FW-01','FISH', 'Koi','<image src="../images/fish3.gif">Fresh Water fish from Japan');
INSERT INTO product VALUES ('FI-FW-02','FISH', 'Goldfish','<image src="../images/fish2.gif">Fresh Water fish from China');
INSERT INTO product VALUES ('K9-BD-01','DOGS','Bulldog','<image src="../images/dog2.gif">Friendly dog from England');
INSERT INTO product VALUES ('K9-PO-02','DOGS','Poodle','<image src="../images/dog6.gif">Cute dog from France');
INSERT INTO product VALUES ('K9-DL-01','DOGS', 'Dalmation','<image src="../images/dog5.gif">Great dog for a Fire Station');
INSERT INTO product VALUES ('K9-RT-01','DOGS', 'Golden Retriever','<image src="../images/dog1.gif">Great family dog');
INSERT INTO product VALUES ('K9-RT-02','DOGS', 'Labrador Retriever','<image src="../images/dog5.gif">Great hunting dog');
INSERT INTO product VALUES ('K9-CW-01','DOGS', 'Chihuahua','<image src="../images/dog4.gif">Great companion dog');
INSERT INTO product VALUES ('RP-SN-01','REPTILES','Rattlesnake','<image src="../images/snake1.gif">Doubles as a watch dog');
INSERT INTO product VALUES ('RP-LI-02','REPTILES','Iguana','<image src="../images/lizard1.gif">Friendly green friend');
INSERT INTO product VALUES ('FL-DSH-01','CATS','Manx','<image src="../images/cat2.gif">Great for reducing mouse populations');
INSERT INTO product VALUES ('FL-DLH-02','CATS','Persian','<image src="../images/cat1.gif">Friendly house cat, doubles as a princess');
INSERT INTO product VALUES ('AV-CB-01','BIRDS','Amazon Parrot','<image src="../images/bird2.gif">Great companion for up to 75 years');
INSERT INTO product VALUES ('AV-SB-02','BIRDS','Finch','<image src="../images/bird1.gif">Great stress reliever');

INSERT INTO supplier VALUES (1,'XYZ Pets','AC','600 Avon Way','','Los Angeles','CA','94024','212-947-0797');
INSERT INTO supplier VALUES (2,'ABC Pets','AC','700 Abalone Way','','San Francisco ','CA','94024','415-947-0797');

INSERT INTO  item (itemid, productid, listprice, unitcost, supplier, status, attr1) VALUES('EST-1','FI-SW-01',16.50,10.00,1,'P','Large');
INSERT INTO  item (itemid, productid, listprice, unitcost, supplier, status, attr1) VALUES('EST-2','FI-SW-01',16.50,10.00,1,'P','Small');
INSERT INTO  item (itemid, productid, listprice, unitcost, supplier, status, attr1) VALUES('EST-3','FI-SW-02',18.50,12.00,1,'P','Toothless');
INSERT INTO  item (itemid, productid, listprice, unitcost, supplier, status, attr1) VALUES('EST-4','FI-FW-01',18.50,12.00,1,'P','Spotted');
INSERT INTO  item (itemid, productid, listprice, unitcost, supplier, status, attr1) VALUES('EST-5','FI-FW-01',18.50,12.00,1,'P','Spotless');
INSERT INTO  item (itemid, productid, listprice, unitcost, supplier, status, attr1) VALUES('EST-6','K9-BD-01',18.50,12.00,1,'P','Male Adult');
INSERT INTO  item (itemid, productid, listprice, unitcost, supplier, status, attr1) VALUES('EST-7','K9-BD-01',18.50,12.00,1,'P','Female Puppy');
INSERT INTO  item (itemid, productid, listprice, unitcost, supplier, status, attr1) VALUES('EST-8','K9-PO-02',18.50,12.00,1,'P','Male Puppy');
INSERT INTO  item (itemid, productid, listprice, unitcost, supplier, status, attr1) VALUES('EST-9','K9-DL-01',18.50,12.00,1,'P','Spotless Male Puppy');
INSERT INTO  item (itemid, productid, listprice, unitcost, supplier, status, attr1) VALUES('EST-10','K9-DL-01',18.50,12.00,1,'P','Spotted Adult Female');
INSERT INTO  item (itemid, productid, listprice, unitcost, supplier, status, attr1) VALUES('EST-11','RP-SN-01',18.50,12.00,1,'P','Venomless');
INSERT INTO  item (itemid, productid, listprice, unitcost, supplier, status, attr1) VALUES('EST-12','RP-SN-01',18.50,12.00,1,'P','Rattleless');
INSERT INTO  item (itemid, productid, listprice, unitcost, supplier, status, attr1) VALUES('EST-13','RP-LI-02',18.50,12.00,1,'P','Green Adult');
INSERT INTO  item (itemid, productid, listprice, unitcost, supplier, status, attr1) VALUES('EST-14','FL-DSH-01',58.50,12.00,1,'P','Tailless');
INSERT INTO  item (itemid, productid, listprice, unitcost, supplier, status, attr1) VALUES('EST-15','FL-DSH-01',23.50,12.00,1,'P','With tail');
INSERT INTO  item (itemid, productid, listprice, unitcost, supplier, status, attr1) VALUES('EST-16','FL-DLH-02',93.50,12.00,1,'P','Adult Female');
INSERT INTO  item (itemid, productid, listprice, unitcost, supplier, status, attr1) VALUES('EST-17','FL-DLH-02',93.50,12.00,1,'P','Adult Male');
INSERT INTO  item (itemid, productid, listprice, unitcost, supplier, status, attr1) VALUES('EST-18','AV-CB-01',193.50,92.00,1,'P','Adult Male');
INSERT INTO  item (itemid, productid, listprice, unitcost, supplier, status, attr1) VALUES('EST-19','AV-SB-02',15.50, 2.00,1,'P','Adult Male');
INSERT INTO  item (itemid, productid, listprice, unitcost, supplier, status, attr1) VALUES('EST-20','FI-FW-02',5.50, 2.00,1,'P','Adult Male');
INSERT INTO  item (itemid, productid, listprice, unitcost, supplier, status, attr1) VALUES('EST-21','FI-FW-02',5.29, 1.00,1,'P','Adult Female');
INSERT INTO  item (itemid, productid, listprice, unitcost, supplier, status, attr1) VALUES('EST-22','K9-RT-02',135.50, 100.00,1,'P','Adult Male');
INSERT INTO  item (itemid, productid, listprice, unitcost, supplier, status, attr1) VALUES('EST-23','K9-RT-02',145.49, 100.00,1,'P','Adult Female');
INSERT INTO  item (itemid, productid, listprice, unitcost, supplier, status, attr1) VALUES('EST-24','K9-RT-02',255.50, 92.00,1,'P','Adult Male');
INSERT INTO  item (itemid, productid, listprice, unitcost, supplier, status, attr1) VALUES('EST-25','K9-RT-02',325.29, 90.00,1,'P','Adult Female');
INSERT INTO  item (itemid, productid, listprice, unitcost, supplier, status, attr1) VALUES('EST-26','K9-CW-01',125.50, 92.00,1,'P','Adult Male');
INSERT INTO  item (itemid, productid, listprice, unitcost, supplier, status, attr1) VALUES('EST-27','K9-CW-01',155.29, 90.00,1,'P','Adult Female');
INSERT INTO  item (itemid, productid, listprice, unitcost, supplier, status, attr1) VALUES('EST-28','K9-RT-01',155.29, 90.00,1,'P','Adult Female');

INSERT INTO inventory (itemid, qty ) VALUES ('EST-1',10000);
INSERT INTO inventory (itemid, qty ) VALUES ('EST-2',10000);
INSERT INTO inventory (itemid, qty ) VALUES ('EST-3',10000);
INSERT INTO inventory (itemid, qty ) VALUES ('EST-4',10000);
INSERT INTO inventory (itemid, qty ) VALUES ('EST-5',10000);
INSERT INTO inventory (itemid, qty ) VALUES ('EST-6',10000);
INSERT INTO inventory (itemid, qty ) VALUES ('EST-7',10000);
INSERT INTO inventory (itemid, qty ) VALUES ('EST-8',10000);
INSERT INTO inventory (itemid, qty ) VALUES ('EST-9',10000);
INSERT INTO inventory (itemid, qty ) VALUES ('EST-10',10000);
INSERT INTO inventory (itemid, qty ) VALUES ('EST-11',10000);
INSERT INTO inventory (itemid, qty ) VALUES ('EST-12',10000);
INSERT INTO inventory (itemid, qty ) VALUES ('EST-13',10000);
INSERT INTO inventory (itemid, qty ) VALUES ('EST-14',10000);
INSERT INTO inventory (itemid, qty ) VALUES ('EST-15',10000);
INSERT INTO inventory (itemid, qty ) VALUES ('EST-16',10000);
INSERT INTO inventory (itemid, qty ) VALUES ('EST-17',10000);
INSERT INTO inventory (itemid, qty ) VALUES ('EST-18',10000);
INSERT INTO inventory (itemid, qty ) VALUES ('EST-19',10000);
INSERT INTO inventory (itemid, qty ) VALUES ('EST-20',10000);
INSERT INTO inventory (itemid, qty ) VALUES ('EST-21',10000);
INSERT INTO inventory (itemid, qty ) VALUES ('EST-22',10000);
INSERT INTO inventory (itemid, qty ) VALUES ('EST-23',10000);
INSERT INTO inventory (itemid, qty ) VALUES ('EST-24',10000);
INSERT INTO inventory (itemid, qty ) VALUES ('EST-25',10000);
INSERT INTO inventory (itemid, qty ) VALUES ('EST-26',10000);
INSERT INTO inventory (itemid, qty ) VALUES ('EST-27',10000);
INSERT INTO inventory (itemid, qty ) VALUES ('EST-28',10000);

INSERT INTO review (reviewid, productid, userid, title, content, picture_url) VALUES ('RV-1', 'FI-SW-01', 'j2ee', 'Review1 title', 'Review1 content', 'data:image/gif;base64,R0lGODlhfQB9AIcAAAgHABUQBQwaBQocEiMYBCAkBiAdEyIeHREsFRU4HCUtDyU5FhgzJyU3Ix42Myk9NTMmAjImEUEoB0ExBDkzCjsxFjo6CDo+EzMpJUAxIDY8JEJCHDoxLjtALTU6PUJAPlArAlIxCEo5AFI5AEo5CFI5CEpCAEpGCFouAlo5AFJCBFJKBFo5CFpGAGM9AG9BAEw5EFpCCEo3G1Y6FFpCEFpCGF5BCGZBDk02JUpCKVI9JV5CIUo5MVo9KUs9PFk/NkFMJE5NIFJPIlJWMVtODVxOHF5KKVpWJSpNQTtQQ05KOUxUQV5KNVpKQlpSOVhgO2VSCG5UCmtQHWlYJWdONWhMPGdXOWhjO3ZeF4dkFHZaNHhmOH5xMn1uQIp0OKuHIEBTVFZTUUtkWVVwbWdVTWdmT2djZGd5c3hpUHx2Uoh+UZiETXl0aXt9fpaEXZCBdISOe6CRan+VlJSalq2YaLSsbrGihr61ipKmqaOvrrO0qLe1vrTGvLvIyr7I177Z2dWaENenEO+vAOypEOi5Evi+DP+9Av++EeewJNqtP9G7iM7BjNLBm87KoNrGoOLOmM/CtdLDw9LQuM7SztPL0NbO1s7W1s7e1t7Gpd/QrefSqfHaq9jT0NbezuLavfTjvtDO4c7W597S1trW4tLe2tbe3t7e1t7e3svk4cvs59be59bn4tbv3tbv597e597n1ufW2ufe1ufe3ufW597n3uLi597v3t7v5+fn1ufn3ufn5+fv5+/e3u/n1u/n3vfv1sbn79bW79bW99jb8d7e797e9+fe7+fe98/r79T3+t7n897v7973797v+977997//+/e5+/e7+/e9+fe/+/n5+fn7+/n7+fn9+fn/+fv7+fv9+fv/+f35+f37+f3++f/++/v5/fe5/fn5/fv5+/v7/fn7/fv7//v7+/n9+/r++/v//fn9/fn//fv9/fv///v++/37/f37//37+/39/f39//39+/3//f3///3/+//7+//9/f/9///9+////f//////yH5BAMAAP8ALAAAAAB9AH0AAAj/AP8JHEiwIL+DCAX6E4jvXz1+9erhm4jPX8V+/r5pfPYM2J8+fPKIzMOn5B9gHDl+s9fw3r2G9GLue4hQHkR+Cv/52/kP4cGCQIMKHTo0IU6B9ARG/IcPp0t/93b2I+UnD542Z8aIEQMGDBKvXcGIGXOmjZw8fZZpm/c06sOe9OrFO2izqcKKAn0eJcq3r9+eNyEm1alt585sfvDA0ZrkAYPHDhIwkCz58QMHkxk8SDJWDp4/rbLN49mOXsOJEP/ta3gXcMK/sGHzzPtwLs559jD2a9Xn6pgkDYIrQLBggQYNDTQYN66hQ/IGC6BHf4xETBs8fZiNZorvZUWLC+8x/3UIuHzs83wN0+YnTx69ff76eQOWR44YxwmCMwcCZMMGIBZUQAEFF1zgX4EbBBFEDhscl5kDSYzRBh+W2AOVOur8cw9GbjXVVD092YXeiEIZxhpN/OwDHyp4nIFEZJJJp8EFQChIQxAnkGCBjjD0WEQQNNQAA5A1/PdcAwkowEASZ+BhiTfx9SOlhfdA9NCVOi20EIlcDiSelj1lw48/pMzxG35JFjdjgifUkKMIE4ggJwkknECDnSecEAMRRRCh4IHMNYDAkmPk8Ucyz3wzpT9XRgQiiFt2KelphsW3Sh6/IWccEBfMWKAFFsBwAgxE0KBCCXKqoEIMMdBAxKquSv9BRAwiBCmEDkIwGF0DDDiAxBh8oCRlP/fE5WhqGkYq6V+DKbXUhv1804ccD0A3Yw44ZpsnDCLYScO3RRRhgwpyshrDqqu2sGcLI8RwQ6kznOBfDsjx+gAYZ4DWzzzw9GSOTUslWxE/eC3710EPRdUPMHiMgQQDDfgXLp9EzNrqCiKUQAMJGtdQRAwkjKACDXueq6qqLbSggsismsBjEPw5l0AC1c2Byj7zkPOQsUkVPLDBsEFkEz/2TPsixBoI0WcUWDQtBRQ2uDtyCSVwXEMNp377aqsimDBCqjFgLIIKJpC7o4I5DJHDBREooEAScPSxyz7xDGbaPzHlJZ5DygL/XVDe8sw1D6aXVVujEES0wHTTWERxAxTvklw1CTN8e2cNRJRwArnkyrlCxV2bsIIJJohAJwk1CGGEDjrQm9wZeuySsz7FhheXhk715HdQg+20Ty14hCEcpxec8KriTTMdheM23GBq1VTTUITlpapAArpdq0AEFKSvsPnm3E5AAgwz1LCDEQ0q0EAYeLzijzf2rNVUUvUwqhOIu/89UHx/2NeAAhnYwAxIkL0WfA4KUZBCAqFmrhFQTWPS21iQSvW5WaHMgOcyGQxUkCMSiA8GHhNCrnLgNjDggRRQ8sc85hERfiRlNaopWP6aRQ97AEMOL9JABEhQBCi0wAUpW8Hn/7T3NAuWrATmatXHIGiqVlmwBYlr1bdqQIMZVE18OiJBgopwhCEIwTkNAEMb/uCNfthjHvEIHD+qVKWG7MNgyvLQYVrRBjA4AAEKgAENRgCFF/wwiEQwwfaK0IKxxUBWFRPXnmhAtVURcGUi0x4UZnWDGtxgB986nY5AZYETBKEIJxCCE4BgLzn4wRsrjIuxGLWQ+i3Ld/abCD3iMy0HBKdGchrBH32YMij4MgrHs0ELnnYDG9hgVrOS3sfkpDHOVYxd0ZuB6QZIgR6FKghCmIIaprCFNKShDB9Y0hku0Y9szNIcpqlfPcQzJleipyGwtBI8U4HD4rDpBBPQ5Q+hAP9EKDzNlylLAQLfdcyKkWxPUvgYCUJgPTpZD04mmMAEaHAEIX2yC0fYQhzUcIUuuGENdKCDF9QAhzIAxwNy6IMZs+EPVdaDflrKHXoqhZSGrGIOSCCOf/JEAq+loAVQAyoRiggFFaTgkMRkVRHelcFZERB1PeoRCSggUSpeQQ1q2EIX4uAGrLqBDm7oghe4INIjXCEOcHhDBxjwgTkswx/LKFZMTLMaGDZrL305ipb2uos8JCE//TkBqETwNcVFQZgxmOSexqWuG0hBCiQD151UJSeJwkB1QRhQBmQggwukQQ1d6AJWveqGIxShDnS4whbogNouXOGsdhADcsDgVm//dGMec81bUuwWG5zgpCUq3BcfxDCcnV4gTmUTgUCloDKTJTMGKYAVDSrZKm+dwATXncA1dVABAhAgAhngQQ6wegUjpIEO2+SqVu9Qhzi0l7WK6MIG3HAHNjjnAEnIAzNQic7c4u2/APZLisbzHSn1YQz23CIRjGdBfZpMVU183ghYYLmN6RGUKwgCETZgAQpUQAERMICID/CBJpDBCVb47GvdsFHWqoEOi6DDFKRA3zWo4Q6MsIMaytCBB5yhD9+AR878u1ukwGYfv50ItP4AhwQUYANFcBPFZqWur8mpa9c7VQlONQIHSnFUJ4gXjvxjAQgUgAAiNsABRIyBD6jt/wld3UAN4tCFKdAhDjFYQ3y3MIU4KOIOf77DIhgxBx4j4Qyo0AY8yIHbueKjrgPrm1CQTLCJxMcZ9TTQyDK2AnLl81wSjZOcToAqkZWgy4scWZhPcAEYFIgCZyZAAdK85jRnQAlOgLMbWKyGGnh0tY9YwxS6cAdHKMINWlhtJhrBY83koRuMFvJc1wiiN1ZJwPHgzj/U4Q8+jGFmQJhVdE9m5a+JTE4uO0G5zT2CoZaqTjDYwAXOXIC2GSAAtDbAANSsgAoo4Qps4Kod2usFOihCEZtQBB3soAlNeOEGXpBCFxzBbCU0wAFi4EM39lGNmJDDIWwck04AjD+gIFnbcP91EQJo1OkUdHlsXVYVyyCcpxh8DZImSCyfbsRqWKM5zWrW94gVIGKiRyAHZUDDWcNah0fUYQ1uqIMjNJEJTSgi4lqggyY8YYeSAgcOluhGNvRBD3IYK+QxlSFQ5mIa8fQjD0hIwAJqtALojvvlMQ9bDE7Q6a7pkrLtikG4QFkBM/+81kEHugEKIAADRAADR08Di4FUB0Ws4bFaZ4TBN2GHgnP+DpmQhB7YcC880IJf9MjZS9c5pqQshGCSzgveDGOJM1gr3M8EKru67DV0We+hcYqBygirvSJMQQgU8O7PR1zrAByA6AIIwKwJAPkAVAC2642D9LRQbNfGgRGbwMT/Jx6hBSo0ohd6SMMSfNwHfZDD7DFZ/T3e6I81yl4oL4zWHKqlgQS5KnEtYAM+pAJQdEwmg25wEngrMzLhUgOF513TJ2IRcACIZwAAEAACMGuQZwAVUAHjNXB1cAd0sAVrcAebkAldYAR9pgmPYAc25gaQ0Ahp4ARh0AFJ4FbwkA06E38x4Q/7wE57IxT4kBT9oA+XgGALUAFBQEUVYwK+BDUFpS51d2Xl8i2cEyQ0QAEQ4F1phmYR8IWQV30XqAAYYADUhwEZkAEVIAMvllVdAF8iqAh2kIJxoAl2QGOYgAl2EAdoQAZo0BhjMAnQZnalURr1Ax9uNB5BMRH7oA/M/4BTC4ABFXA1GzQ6RLBARBA1qrInK5NL00MDc+JBE7CFXkiBEeBhFYABGpABHXBv1PcBGXBvAJABHFB445UGUwADRRAHxuYGc+YIduAGjrAJjBAHd8B1aKAFaBAHdtAGSOABc3AL70cO7eAePfhC4/FGQQEi2dAPqYCEGwBCG4NdnfaEQhUDJVAET2NzEFYDdCJRWwgBEPCFFIgBaFgBX5gBOVCL+IYBStAEGBAAF4gBONABFaADabAFVlAEaVB5wBh1mPAIJ4hjmeAJd5CMaLAFdxALerAEDnAGYcdo7VCI7zF/90MU8vAP9vANeJAEC3ABWHMndDJEIjA6K+BDQf9ySc5TSCKwAZ50BWmAUVqYjxnweBmAAziQhjigBDywgf/YAQcQAAF5AD7whTnABHGgWnYggmpAX44AjF25BVrAcBdZflulCZKwfkuQB9qwDNswD+0Al3WzRkUGQ0CRkv2QDNSiABuQQTniLYEEBUIkmDUwA4ZJAyygAjBAAhCwAZLHVW7wBmoDa/6WAxWQhhGAA2RABj+Ajz7wA0vgA2RIdAaAAd/FA0yQBstYjFZgBK65CPG1A1awA1RgB5+gCXegBlrwYp9wB09wAA/QBqiwDM0wD9pgiDERckEIFC7UDwfGAEpIBD/FQa6SjjRgk9zTIzMQAnNSAReghRQwBGn/wIxxUJ5BGQTyuAEV0ANM0J4nxgM8UAZNoASxWIYBaYYZ4AQ5YAVosJVoMANGYAVH4AbFOFpx8Al2wHCMgAkNt2xtEB1i4Aff4A1r0Q79VSz/xVsGAQ/9gAcPA2U+tCd6ci5XQy7eAyeiCI8eVpTyWAFPoAbGWAchSAddsGAyEKBWwAQ5YARO4AR+SJ9KkANKwAGSiAE54AQ9QAWfxVVUEAS0qQWOgAmMoAiMkAmYoAar+QkMmgmZEAfA8QB4sAxqQY3xUBr0IFf2h1cDwQ/wsAxnYEsb8E9QcC6JkwIhUD4PZQHf2WHyCAH2CF7qCQEUIARnFYIyugh1wAVXAAMU/xAERiADFRCgToAG+tkEOWCpPKAEP+AEP6ADRkAFPbCMarA6Y8kIX7mgn/AGVECbi2AHytYIbHAFPYZoarFoZtdfGYo7zKkPfSAGDqABGtZHk5QyL5ACLBACINAq2DQgEKAAZUYBGMABtRgBlykgEHAEaiCj2tpamWUBCiIDQ2AFKKYE1BoBmcoEnMpZrikDW8BiAqd5biB5boAJd5AGypgJdjADV1CMT5AGY9ABYtAH2iB25IBOpSFXRRZgAqEiHsoAQ3AEROACAEWAUeACLoACKJBAU3AFH2YBzkoBGsABPsABOMADm6WejGkBU2Co2roIcTAFciZC4KoDOSoDOv+aAz+AszkAqTKgBVaApTC6lXSABjqwAzqAlYyQY2RJBbUZB08AB3CgAWC6CtmgDe9nsGdKD2u0tUABD/rQBtXyBFPgQ0CkMorzAijwAlmQBQmkBmTgnaByAeEFn2mYhjt7AUIwikSwBtt6B+ylBoKFTTJwBDpwo1fJBPQpA4XLWZ66BVRgBGgQr1zFBFbAtEbwBnZAB1bKCG5gBXTQCPSlBw3wAHCwDNmgg+RQpvTgDvtwplu7nAu7CmNgS0NQBFEAVE/YRy8QBYAACInwBSBABXFABhGgARSwAWn4AzyAlMi7ATKwATrwJ6G0VYbqt3FwBCcgA6pTuDnAOjiQA9//y1mcZbTnQwU+WwV28AZqYAVWcAWR6wZVAIP0mmOOUJF8oAQMkC+6kA3wYA7U2A4IS0MFoQ98AAbQEW59FAWCKUxqOwi9CwhfgLZv8AY8UAEbsLPwmZQ5oI+bZZndawQMkgMDyrKNUAdWcAFFAMKeCsLg272sU7SKyzoB6ofl+QZogAaPaQfsaweMAAmQcAdb2Qh8UAbVsQe3sAxXS41ZWw8/uBePJhD64KFJsgFk60MVEwVfkAiIEAiC4MBfgAJaMLz6KAM40ANIKQPgi8bf+7062zo4cAFXUAclfAegC71HwAQ8ygRu/L0vvLichQNM4L5o8AbepAZp8AbMqL4J/xqZGXnIcLB+YCAHpqsLVzuSc3UP6jRyA9EPcqAfpPJTBpQnROAFicDFhCAIiIAIaBuZJpsBOmDGigu9LawDSqAD8PkD/+gE6BnHjdAIOpYgeOwEeFzL4MvHfgypR8kETcC+ZMCfNxyvkam+ZNCe/EkGZQAGmyEHyrAL2UANStxf7/HEdrEl3/CmDeCd7PJTbmInWPAFiHDKhXAIg/DFY1kFGnCQOPDC3cvG4MsDOZuz4sUErDYEbhCMC6IDQzDMIMwE4sU6aUzGMmC3Ad2pOVAF7HsFVYAGVuCHfnjDN2wGZuABwYkM+2sNBUsPZjpXCisQ3jC7DQAE1+NyLcBqGv+2PICACIUgCIXgwC9wA3TABs9buD3QOt1b1DnbA0rQAzkgXjiwAUYgBEqoNuBqBEqAuEaAyzqaszqAAxHNxzirqZmqA2mouN0byExABRvdh1vw0WZwGWMQCtJoDeBAknOlTluCP63g0kCwQS4gMqASBFNQsVkACKcsCIeACFnwAmsQB0pwwayj1DraOq2DuJJ9lSBM1UYwBESNrpztBFWtqTkAvmONs4irBP84n2JdrhKwWUeLYh3thyB9Bh7gAWPwB66gg95sobmVsJHyB76KAEFAQClQWZ4VB2vgBWtLCPAsCIDwAlrwBk8Q0LQMwlqdA0pN1DmQK2iMxgttBT//0J5OUAU96tnKXNXFHNpO0AScqgRhQAZVjQP4+F2RWsvpzZ8mltFmINsPEKGlkA3WoAtzDX8q3TN74QdgwAAaYAESBScQIAFU8FFe8AVYMNiEYAiGQAiAEAV9Zgb+vDpUjdRITdW4kt2hHdqIi7PsyZ5UAN5VcGIm1gRNoKMRvQGl/Y9LYNpLvcER8F1Hd6Qtvpk3vJlmEAZ2BAZ5cA3VUA0Fuwvm0Gh540rNYuAMsAAKbgHdQgIgsANdsAXLs7aELQiGnQhZIAVzQAafKQTng8sLfZVqc7M7WuLf3Z5yXgVVgK4++gSb2QTL67xC2qNkEAZO8AE50AGebZlfCF48/5DezbyZjF4GYtAYRn4NuqDk5MDkqTfgfDMQewAGM2MBZBNR5ANxa/AFWXzThyAIF57hUmAHZKDnOyAE7UnVw6yjtH6Vtv7hP2AEcy7M/4jnJpaz3G3dPloGZDDo+hikHZABkPeFGrCpjL7of25SDmBCSV4NOqgL8EAP4Pxf9iMQHkocFlACiwkBIRACNsAFiaDFqXwIFi7PETyWMK4ENaDrVY247ZnQSoDZ+S7nl/3dVBDewqzoZdDiTrDVSn2kPtrM+R6kPGCQYVgBB1ABmarejG4FZeDoHzDtc1ALSl4N4FAN8SCXPQgizfIPOIQACGABM8CoEoCsGfsFhBAIgf9g4YZg2ICQ2F5gB6btmnkszJz980wQ57Eu58yMYvM57MS+3qFdss3so+yLrkpgkAfQNmiIhhwgXj7wj1ZgYmEQBkgQRhs/6UquC2V36bqlq//w7QsgZzJAAi2PAnwE86ds4YY9z1ngAiyWNnjMoz4f8D7/802w4p/Kvp49BJ4dpP+4mUGahvCZ+P+MpFwNeVN/AKrY8DzAAbTYAfC5wR1gg7xCW7dQC9lAyWR/q5iuyX4ld2xPPjBgsS2QBV/AxWA+CA6c2FgwtLAuBCtu5+ga400g3spcBb9fBUxbuU4wBEG6BDfeAVlv2hkQsuxdBmag+PoI319IAJTfAR+g+T7/YPkdcPWYX5QYoD4IcAAmVAu1MOnkQMllj+nNkvovKVUwUAI38AIiAAWxP/u9m9guoAZ2oDYA4aQHEypOmBhscrCKkyZVGjqpUsUKFSYHnZQpYwbjEh4deHRUkrHNSDZswvDIkaNCBAwYOiwJQ+bDBw4dOHz8wINDBg4VMChogIABmDyratXS1W5XO3hM6T2l9y/qP6p9xCRYUKHEBBElbrhw0UJFFECBAAFKlMXFDTRxysgYYoWJkSoVGVppqKRhEzIN+1KhaAWjxjJn2JgJw4HDhzJt5sjJk2dkGzhv0GhAiWHynDxmdCqeWZODjwwfFDxowOCAmDykqunSVY0c/7l25OjZfipV978/YBI0kEFDhAoVNm7cgDIiRZYvgL68QLFDTRw0TXIwkUtwIV4nDBfytUKGTBkyVrqPN8MGznrHcHwwxqOHzx76c+LPmQNHCQYlbfLo2YOSSOYwAwMOPPigpfc4UCIMB8V4gAEx+HANNmuyYQo3qKKa6h9gxmCggSBoUGGFFog4TooQJAAhiyyiEKEGNyxTAqWDtJOoCbyY4IshvvjqqwknyEgPDjk4w4O+PBabYxJS/PAjlD3yoI+TOzSaQ4859oikElcqGRBBDjDwQDEy2MhyDz74GOMBMfpYRZdaqgHHmtlsw023qehp5gwGFpBhBhNUIAKKG/9YgIEEFlFoYQQiukiDjAw8UqKHHyrKMbwhh+wxpjCa4GgJM+DgDMA9+hjFlT2WaKMSVbQhBptg8IhMSzfYsKMTMPugBJRRLBllDzNoWoyDMPLgpJJoyNFmlTbHsOSWoy6k5s4Nc+uwmTZClIEEEUxYIQYWQIBAAglYuEGFGIqoAYYKKpAhhx9S2pQMiMTjrokwMirjsDKSCAMOLkEBxRVjZjGmGmLmGMUaS66BWFgzNHriCjga4UMPSkYJJVVfLZkDwQQ9gAOadqyp5hpV/IDwDFSqoaWWanWhDU9sd+NTjgcUqCBRE7gaYQIIIAhhhuOgkKIGEiiAFwd5u+uOu/L/mhASvZJKGkkOPPxwhZhj0sHmmK+J6QOfatK5xx11QMGjjTJyEOKKNOIAcJRZRlHFmFFS3SMMDzzAIIw9qNEFna+b4QMMJORQZZmjyCGcHHg0hGq3f7rJA4kFMgghURG4+pwrFozDggsvvChiAhJk0EEJJpRYQgmIDhKyiX7VU49UzvjoI5RrvMaGHWnYuWePOa6pph1jokFHmln0YKOLI47oAg47IpHG11C6duXLNg440Iw9ZNFFbHXswUNxxqWtxRpwdDGHtqag2gef+qn6JvEG3p2BBOFAUIEJTFCCFNxACqdbgxewQAMSwEAHKckB7JTgugn64EyUwU+p+tAH/z74QRXYwMbw2JEOduCjbdVwBzmigY91GAMakLDDG46whbnZARIb+53BiFGLUbSBTB4wgyisYQ10pEMd22gDEsDAB1S4AinW0IU1mmIbeDwFHxyiyj60wY2rNGADOhCXC1IgluLYwAZSMB0XsoAFIsRgaRGcSeyW4IQlcCAJZ4ADlegDJVAEg2B+KIYx3IGOdbAjGuvAxx7asA50oMMd7EBHNGZBCUi8gQxpUEMa3nCHSCBsFOlwBSV00TfwYcAMp6gHOYhIDGWcwQFj+IMqjKILashGcpSr3z7+gQ+qzKMbrmwAEDbwFTGqoAXGYcEIoGC6NUKBCEQoggw2wIMPAP9sX4Y5QxuS5Ic+9rEYxADFMEDhB2OkAx3WWAc03vGOduiBDO1YxyMjyY51UCIPVEPDG9LgBjtkAhbHGIUxumeOPTThQAcIQyR0wYlZrGMefVCcy1RxlCjSDEPzu1mH5uENPDwgARqAgdGKeUwbsCAFRChdFKCABSm0NAgyCIkZspnHU+2Bj6EIBk6vgQ5iQMwPI9nDOtrxDmpQAx9z0AwlCJmOduBjFnP4AQ+awAY3uAENdICEKNyBvFGIghJtoIlNjiUOakCjGvfAgxLlgIxVONGsqsxGPCiHRar8w5d8SAJWKBCCr4yxBSSNgQqgEAUbRKF0zoSBENJgPSptkBL/fthgOHFaDWO0jxyjUMceMHCANsxCFuUQBzT2QIYxtcEa7XBHO9ohiu9h4AdOQAMm7dCIU8zCS+aohh7GFBoOsEEU9RiiK84ABjHgoRUTRUotZzMPc8yjcnT9xz260YoxNGABEYABC8JCxhTYoAUpiAEUWjBYLNhABSJQLN0g0Qc+FiMUUApGMKqhDYomRR3VyEOS1EkNc0SiCQfwgQ/0cFqUWYMalWTDG8qAhtjagRGi2OEoIpEHNnjAB2HwgRJGMwdKzMIfVvEALFFhlCfaaTa32ZDl7DoPZswhCQpQAAxKEIO/nre7UAgvFlRa4xGIILFWUIMeUAUKnO5hDGDw/wMx9OYKWppDF91DxzuMoYtymOMckfABD8KgB+C2oxoyq40sYmElNjihC3GwA68mzAaaBLjNPuDAmfJgjTx44AFyWEUp2mohE8+viljUqDb0YZUGRGADNChUjccLhZViAQs3+OsxVUCCBg4BDXn4ozinJIxjKMMV1aCExqpB2SLWA56nwEc73DOHeozDTuccojVyQY1YQIINOSjDG94AhzY46FMfwDCcA6wYH5hBDmbwAFGWIUukwOZOzTUHVOzHS12u2B+3OEMHFhCEIBSB0X8Vr6GkoOMWqNTRUoBmEYqQAzPkgZtEDkUxhEGMYKSjGmANAzHQcQ1QosMY6JzFO/9E4YM9iEMWRMxGI1GmC1lMwtZKYEMalqCvmQA7DGZowxvaMDEzvMcBD/h4G1BhCVXELLnZsFNTnPuUXPKSKv7IxjyykYckNEADRwhCohntzBaM+7ul8wIXsDAFohfhCBwwwxwi4YdJhBMUyvhdOiSGDcqeLR1fM8Y5Z4HxesjC3kVMhzlrAY1TdCY9ZnDCB5ZQbMdEQhTQoIYo5L6HN1RYNcWdxERjBhtdgIMc4GBKO1JsP6rcZh7ksMckzmDdJxyhjePFgjPHSITxciGBQp8CFtR9BJV0oA2864Nkcwq2dx/jd8U4huHwsTxrTIwX5Rgkv62RdabWYg5siMQe2KD/hA8AcQ/jKEctKCGK9lU5HP+eAxgktIejlKIWe9+F+8jRXHpEm65TsU3M59HRYA6hCESwQemwcN7ioNQLdDgdF7SgeSlMIQgRCIAG3rCHSeQ9nMMIxjGKMY1rSOMYxtA/0zuGWUCHoxKwd2ihrHMHd0iHQYoG+pAFUZgDDPM8TsgFWZCZUagEUXAFk8GH7UMCD5gDS6iFUziFo6CFXaAZcIgfehC8p/CHevCHf+AHfPAHetgHa9CGe+iDM8AKIDgCKTAsNhoUIsi8LViDJAy6LZgCKSgCKQgCIbiAAKgAOFgv+KK3+AqGvSmnazgGYvAad3AhzSIDSiiHdjAnIjIG/2PAB3fAB2qgBE7Qg2FRgsHxqkogB3RwBQ10BXKohj0Qg1fyg1qwhFOQE124BV3YhemTH6iQwXr4B3/AB374h32Yh9rQhmVIKwS4uSZENwEiAi3gAtNRQi/QAi1oQnUrAhigAAIIAAVoN/qDLHgLhkoYBR4ChXISKFf4rEgYEzLYA3WKNUSChlpoh3JIlnv6gCYYMFmohu75tHRAHnsYhTlAgsW5hFI4BQzMBaRQQRaMNuqjhxiMwUjcJXoAhzasBm/4g6tYgA2oAURbgROAJi5gQtNRgy1AxZZKGhqgAQggAFcEAAVYAjmoKSjhmtuTg0pAGR6yBleoB3N4Aw7AAf8DMKU5gIQVcrJ3MIeOrAdb+4ALUzrioyxVIIZqUAZ10IY8EAMkGIM8QAVthAYMRERFnL5xuMTnKry6mpxU2wZvSAU8yCsKmIEisIFnOsKh6wIv6AItYMKiq4EaOIEJCMgCKAADCIAPOIMt2SBL6AMzMIADYIP4qATZOIUBmRc0KInq8AE0ySr+orVIaIMs64AmaINIqAWDcQV1uIZhuAZ7+CkHWBxUaAVROIWZhI1b2AW/60h6iAedtJzHVC118IZkSIUx6AAFEIIpoIETKIJRDDou6IJ83IIuaMomjMoiIIEJmACmUQACCMsk0CY96AwP6I85cAw5OIxe07Lr6QX/XvAFStgDOzADDmiC9Ki7JqCUkGyCPICFgKoFY1AGYtgGZUgfBzgDPkiFUiAFWaAGQ1REmoGHxnzBqLif3ZCHeIiHdvAGbUgGZ2CTBdCAHNgAGCACobO8NVAD0TTNpkTFU3RCGoCBGtgAgCwABQiAAOgA9QAqS/gS4cQDNgCDA8CAOcsFWvKFoloHWCAQDJgUHpigDBC2DyCDOYAFc5i9WtAGbQBEJWIvUjDBZoONbHi2lbuZuqqr9IyHeZgHbfCGZkgFF2uAHBiCKzgC0EzCNegC/rTHU2SpoqOBdgFIAoCACDAAAAiAJZiDDeqDU7GEUvgVYWGANqiGU3CiKJqy/3UoB2qwgxrJgQjggcEggw7AAB94g0hoB9yqhR5UKz8wBROM0QslB5qRnHZ4TGnTpQ6hivR0wY3y0X74gzZoAAV4AjS4gi2wPDpIQntcyi3A1NPUgpZilxOggKEpgAh4zQAwAAMIgzY4lUnglUkYhVUQFjCIhF+xxej0t1jbPRBVOk6IhUiAHh8wpTwQhWqwBDkAA+z0A1QA1BPsxkG1FlyaNhylinqAih7t0WXYBT4oA5srgzTYAi9Iwv1UP6b8VC/QR6KbAnUzgpeSgQuIgIAUyAA4AA9wDDWhj0gohTz4gDawBEoghj10hWHYm1kwB0jAMDuQhXM4B2oQB3Ooxv8mIBOMa4NlfUlgOAVtNEG+k9YTYy6ouIca9AdKxFF6wFZ6uESZqwV42IU8CAObq1Q1UIPTGdf0c0rR3IIrcEp2NYIpMAInKNVUDQArBQAAMIAPSDo+iIQ+mISv+oA8GIWmC4Us1DcNBLZKgAZoGAVZGAWTqYU9cKUDeACQI4pQiElR0Ea+oxnpmyt64Id7sNa6uod7eArBuxNwgAdTENIHsAI0UAPTRKAtGDos8NQrGMUmnQItsAKgfakNKNUEDQABOIABCAAA6IBRoY9OoIQPYANL4CMtHIWC2QOkK8YWaiFdSBhtSNYkcAAHAIM5aNZC1MZu9Ng7CVmoIEdInNv/e/AHu60+c4gHc6CGXdiFSVDWBuiAK2Aw06xZR1tcJkTc0tRHp/TUGboCGShVCrBKyb3co0U6OKDNJSCZSgAF0PUDPwIFXQgZNgAFhBGoWVCGX1EGZMgcB8DXPshGV6CFjpUTQbWWa3nEuaUK3wXec+hIeXgfmeuDJOKAJVgwNOgCfWyp9eOCKcBUp0RFTx1NJjSCIwDaDSCBAnBFAhAA2FxVi/yADvgACj2Drfkj0O0MDAAD5qOEY9jDYlAGVUAGNkGCO+IDVSCFQixB8ESKOzmx8tyHkZVbAv7de8BWeUBgc6iTbMiGZugDOXCABkiCJyiDS/VUU8SC9MtHe9TH/3ENXC04AqNjFxg4VRImgAIIAFc0ADk2ABZeggf4ADHIpjMwAzFIkHttA4EdBXpTBVUIhTwYA8H8vFC4hEngWGhl22l9LhkkWd6tqydGWXOQYiq+EB9Fhh7Mqw4IV5pdytOpWSRMIExlSnJdV3WL0iCggAiAADlO0Dh2xQQNy5poAAx4AFGZmA8AgyUgkzboA1eAt1DAgzFQIm36gzwzQVmA1mb7WJvBwWkrx5K1Vn/YB2yth3g4B3COn2yYL29Ahj84AyRIAFJOgzSQYDWoKgRKoNPxgpqt2X0suiKYAciFgMsNABL256MFAAGoYwTQSipZEy0xgyRIAmNjLz9YZv/8PYM++INSKIU//dNubDZwsKUTkzbzpDaXw1F+uEF+QNnqu412mIdqWIZquIVWyOIkQIAGWIJKvYIuWAM3WAMtINfTOWVMHVf1c0InPAIhYMVc7mfJFWgsTdAC8NwskQQ+6IRO4IOLDbEzGC7BlIM+sARSIAVOsASMroULdba/OzENablKpAqRpgp+4Idu3pDaIId7iIdqyIZduIVVmITka4AH6IB9iS01SCCepmcxXr+enoJ1aVcCPWoqxWXvxVI5PloDaACtzBL5mAQ+UNbXhV058AOLBtNOMAVZuMBDJNTZCDxEJTxqI2C3fuuU9d3auA2/67tVoIVVYEnU0ID/JdinqkI/0Cxsed7UUIVlEbYAU4UAovXeOMbKyxUADeBjJNlsl9waS7DuPz2FWDiFXLBdmjltesAoHNwTAq4r135reqjbG7yNogIHXzCHE8yGfr1YB+gAMcCkOIiDNcgC0wnuNaCD/64DTcVgJjwCxp7lCIgAW27qXMZSyz0AAQCAmX4AD0ACwXzJZx6FUzBMUZAF0jYFsubos74WeqhWXWLrkXbtJV7iS7RbcogHeRiHoiKHWrgFZchiCFEADRiCMqBZDOZv4KYDRRByTSVX/ZyCNQ6CC7iACjhVAjjaOW7yVQ2AARgABKDyAWCA1wWDrQYG6wbTU/jTWOhG7nY2/78TcfqBrmqbW7eG23tYYuB9iviZjTohnOezbcnIq3UWgycQV9PURy+IAwAP8E2tZzdQgysQgijMgQs4UMkWgCg3AAU4AAQQgCpnACxHgs+jaO4sxG3cxrHe6I4ecRLPpbUmbxwd2eiK232ACiSejeKFjecjhT7AgzOIEPouUga7b0Ov5yTVz16PAzU48iMwAshFcDnO5atUAAawcisfAAvfaj8Iaw2H0Rg9wUkO8betH+g69baWW0secUaUcyiKdeNdBc0eAzuTTyDwYjgw9DKYHlZ2g//27/82RQymghlwIBiQAFRdVQGo9JnOcpeUAz74g7TVRlIwzGlm29O2Zv/VNnG17vYs4iUOuRZyYC4k5jvbLgVaKAU+mIMxqLnf6IAuLoMnGAIjkBs0U4QAB/AEasotMIIdMAIj0IEK0AAGWHYEMAAEcIAkGAPO+IMvBRZTqISLnmYZ9W4kHnGpuJ+In/i1NvFtv5bmuhNqyIZYfz5dyDNYrfWWbACST4IOkJ18soM7+O9ApwM7CPYrOPkhgHsg6ICgYIAQQYLo5oOuroRT+JVTCOsMH2sm47tsP/Nr0ZOoJ+A9icGqR+KsX8RdqIZcMEFaoIVL+APNPgMxcN0GOIAGsDmYqOknEP1wPXkgSAIg6GvraoCPU6IzgIxJuASvPvra4oRnlZNrdzb/h0exFLtRFUN83Vj1UXf1QeW7rK8FUnAFZVCGWc8DOfBjMEiCsu3r30gAj0oAdU6ALM9ywVQiPqaVob+Erh7iUTCFDF/4wB9z2CB83KAck2biuC3v36+rqBjZKxp1uZ4NcocNmtSbgCIGMAWIUn3wyIEzZoyYhEiSgEHiEExCMQflyMHz58+lS39KlbJEqtSoU6REndJ16mStU7V0sSRXDRw5cvRkyqRnk949evzu7fzH79+/e0CHEi1qlN4/pDZz2oTXLmZMataosaRWC5qxWbVmueJYCtUlVBf58MGThyBas3n6XAQGDFUoUnFJjaLr9aQrWnlr1crFsqUuqDRv/9r0KRSpYaOKFw9VmpQf4ZnwYlojB24qVWrGdF11dcqzqlWlVoHVKJpUJUseLYX6E+q1qlCjQM6uXerUbFerVp1axfkvYMEzI+P8iRgx4+RFHePcF5mcOcHkploDvopvLVopT5k6Jcu7KVjhTcmCdQqWLFOi1JsP6R4v3lV6W638C66aZek22xHe2bOnT0EpNyBzSTm3n1PSkUNNNrvccosut2RXy3ewWFieLKJwEsuG623ICYgbhnfSLKfMIosrKKqk3YP1ZcPgZcLVFJk/9QDF040D6pgUUEoxddM88ZAzj3S6ONhiLn3pAo0s0DjJC3q4mCIlLrFIaUosnWRpSv8npnjmnXcU/lbLLrosE5x+M9q0Dz5ssvnPmzvK6dg+9dQY2TzmTEZONnzu8qeRf8lCoZNODvqKSKYouugruUyp6Cm0qKSSLLIsyVI11QS2qX7DEfaYUAD65I+cOh4XFGQ/0jPPqvAQCVU54IhTHVUsraRpLa5g54quun6mEoUr0SKfdn5BQ82x1lhTTmWVdUocUjjiKGCpc/JoZz0HEjYPq+RMZo455YR7WWXZ6KLpMrUsQ0wt1bDbbrvGYIcdLbRI6JcuuSRLTTnk9CtcPO2wGtm1pPI41E/VKoyjUtquOpM5T0UnmC7mZqMpxhgDtzHHVb2EnzUwQdUOPPQIDK3/TjypDFTCCrvcU4HP0QOPOa9KZ80uC5pba8cbl7nLxzovmCY98Qx8E4/FSZuwUC67fKpSxJE8k4JVV0yVpoHhd59LMDmbX9U118wfYfUU5pioyDn9dI9JQytwwN5WLVif1PBpdzYx7vL13DENx2o8NNrp2MEtr702Um0mnRS0Tg3XN+SR++0ptIvb+Y+NNQJl8OGIA6V4m1FDO5iMkiv4uE1qRtYm63D+g88/nPMDe+edIwc14yjfRPLUNPn9+2CUp647PW7CHuc+RNFeu+1EIRZ67sQjaLJTjnuquvSMs5788a8blTzz4beNu/Tl34Q9cYvDSXuc4ruv2KkHM2c+O/0En80j6OC/v/9RbY+/eP3Mx7j/+U9x/Dug8xYTv5i5jXjy8x8EE4jACaqtMRZkIPkAqL74WXCCigkIADs=');

INSERT INTO reviewrating (reviewid, key, rating) VALUES ('RV-1', 'money', 5);
INSERT INTO reviewrating (reviewid, key, rating) VALUES ('RV-1', 'alone', 4);
